path	bytes	upstream_lfs_sha256	over_5gb_decimal	url
.gitattributes	1519		no	https://huggingface.co/deepseek-ai/DeepSeek-V4-Flash-0731/resolve/7872f01b1d1fe23eabc4c98b48bffcef5a386062/.gitattributes?download=true
LICENSE	1084		no	https://huggingface.co/deepseek-ai/DeepSeek-V4-Flash-0731/resolve/7872f01b1d1fe23eabc4c98b48bffcef5a386062/LICENSE?download=true
README.md	7238		no	https://huggingface.co/deepseek-ai/DeepSeek-V4-Flash-0731/resolve/7872f01b1d1fe23eabc4c98b48bffcef5a386062/README.md?download=true
config.json	1888		no	https://huggingface.co/deepseek-ai/DeepSeek-V4-Flash-0731/resolve/7872f01b1d1fe23eabc4c98b48bffcef5a386062/config.json?download=true
encoding/README.md	9168		no	https://huggingface.co/deepseek-ai/DeepSeek-V4-Flash-0731/resolve/7872f01b1d1fe23eabc4c98b48bffcef5a386062/encoding/README.md?download=true
encoding/encoding_dsv4.py	29001		no	https://huggingface.co/deepseek-ai/DeepSeek-V4-Flash-0731/resolve/7872f01b1d1fe23eabc4c98b48bffcef5a386062/encoding/encoding_dsv4.py?download=true
encoding/test_encoding_dsv4.py	3741		no	https://huggingface.co/deepseek-ai/DeepSeek-V4-Flash-0731/resolve/7872f01b1d1fe23eabc4c98b48bffcef5a386062/encoding/test_encoding_dsv4.py?download=true
encoding/tests/test_input_1.json	2748		no	https://huggingface.co/deepseek-ai/DeepSeek-V4-Flash-0731/resolve/7872f01b1d1fe23eabc4c98b48bffcef5a386062/encoding/tests/test_input_1.json?download=true
encoding/tests/test_input_2.json	526		no	https://huggingface.co/deepseek-ai/DeepSeek-V4-Flash-0731/resolve/7872f01b1d1fe23eabc4c98b48bffcef5a386062/encoding/tests/test_input_2.json?download=true
encoding/tests/test_input_3.json	4546		no	https://huggingface.co/deepseek-ai/DeepSeek-V4-Flash-0731/resolve/7872f01b1d1fe23eabc4c98b48bffcef5a386062/encoding/tests/test_input_3.json?download=true
encoding/tests/test_input_4.json	2730		no	https://huggingface.co/deepseek-ai/DeepSeek-V4-Flash-0731/resolve/7872f01b1d1fe23eabc4c98b48bffcef5a386062/encoding/tests/test_input_4.json?download=true
encoding/tests/test_output_1.txt	2390		no	https://huggingface.co/deepseek-ai/DeepSeek-V4-Flash-0731/resolve/7872f01b1d1fe23eabc4c98b48bffcef5a386062/encoding/tests/test_output_1.txt?download=true
encoding/tests/test_output_2.txt	342		no	https://huggingface.co/deepseek-ai/DeepSeek-V4-Flash-0731/resolve/7872f01b1d1fe23eabc4c98b48bffcef5a386062/encoding/tests/test_output_2.txt?download=true
encoding/tests/test_output_3.txt	3313		no	https://huggingface.co/deepseek-ai/DeepSeek-V4-Flash-0731/resolve/7872f01b1d1fe23eabc4c98b48bffcef5a386062/encoding/tests/test_output_3.txt?download=true
encoding/tests/test_output_4.txt	2552		no	https://huggingface.co/deepseek-ai/DeepSeek-V4-Flash-0731/resolve/7872f01b1d1fe23eabc4c98b48bffcef5a386062/encoding/tests/test_output_4.txt?download=true
generation_config.json	170		no	https://huggingface.co/deepseek-ai/DeepSeek-V4-Flash-0731/resolve/7872f01b1d1fe23eabc4c98b48bffcef5a386062/generation_config.json?download=true
inference/README.md	951		no	https://huggingface.co/deepseek-ai/DeepSeek-V4-Flash-0731/resolve/7872f01b1d1fe23eabc4c98b48bffcef5a386062/inference/README.md?download=true
inference/config.json	1162		no	https://huggingface.co/deepseek-ai/DeepSeek-V4-Flash-0731/resolve/7872f01b1d1fe23eabc4c98b48bffcef5a386062/inference/config.json?download=true
inference/convert.py	6639		no	https://huggingface.co/deepseek-ai/DeepSeek-V4-Flash-0731/resolve/7872f01b1d1fe23eabc4c98b48bffcef5a386062/inference/convert.py?download=true
inference/generate.py	5804		no	https://huggingface.co/deepseek-ai/DeepSeek-V4-Flash-0731/resolve/7872f01b1d1fe23eabc4c98b48bffcef5a386062/inference/generate.py?download=true
inference/kernel.py	22198		no	https://huggingface.co/deepseek-ai/DeepSeek-V4-Flash-0731/resolve/7872f01b1d1fe23eabc4c98b48bffcef5a386062/inference/kernel.py?download=true
inference/model.py	45118		no	https://huggingface.co/deepseek-ai/DeepSeek-V4-Flash-0731/resolve/7872f01b1d1fe23eabc4c98b48bffcef5a386062/inference/model.py?download=true
inference/requirements.txt	92		no	https://huggingface.co/deepseek-ai/DeepSeek-V4-Flash-0731/resolve/7872f01b1d1fe23eabc4c98b48bffcef5a386062/inference/requirements.txt?download=true
model-00001-of-00048.safetensors	1059061856	f3668ba4cccf1ca6a7eb84e888fb92c1cdc7204d472ba9db771e6fd3abf6b874	no	https://huggingface.co/deepseek-ai/DeepSeek-V4-Flash-0731/resolve/7872f01b1d1fe23eabc4c98b48bffcef5a386062/model-00001-of-00048.safetensors?download=true
model-00002-of-00048.safetensors	3566321192	77b26c939a0e25b3113c8d6bb04e1901a748bd4a7d2589e3bfdaabdf1e9bba14	no	https://huggingface.co/deepseek-ai/DeepSeek-V4-Flash-0731/resolve/7872f01b1d1fe23eabc4c98b48bffcef5a386062/model-00002-of-00048.safetensors?download=true
model-00003-of-00048.safetensors	3566321192	412abf4c906faadc221ef0cb50f90fe20bde8454a08ad4dc2364b6b79e7fda5c	no	https://huggingface.co/deepseek-ai/DeepSeek-V4-Flash-0731/resolve/7872f01b1d1fe23eabc4c98b48bffcef5a386062/model-00003-of-00048.safetensors?download=true
model-00004-of-00048.safetensors	3596229272	9610f56bc587fb0ff9a8b68a60299482ee8c433fe5b5587e4257aca98add4a2e	no	https://huggingface.co/deepseek-ai/DeepSeek-V4-Flash-0731/resolve/7872f01b1d1fe23eabc4c98b48bffcef5a386062/model-00004-of-00048.safetensors?download=true
model-00005-of-00048.safetensors	3568768976	f87a5ac7b8becc31f9c3169afd3a6f33fb82b4af9e21022e3755a10bc28f0180	no	https://huggingface.co/deepseek-ai/DeepSeek-V4-Flash-0731/resolve/7872f01b1d1fe23eabc4c98b48bffcef5a386062/model-00005-of-00048.safetensors?download=true
model-00006-of-00048.safetensors	3590024776	4a4f3764e3fc772b9fba67f0a44ef68e18f178b6f00faa80b75db549e51894cd	no	https://huggingface.co/deepseek-ai/DeepSeek-V4-Flash-0731/resolve/7872f01b1d1fe23eabc4c98b48bffcef5a386062/model-00006-of-00048.safetensors?download=true
model-00007-of-00048.safetensors	3568768976	df81bb80e27a689e01fa579eebd6499f86e0b6105f7fea18961aa5eebbbee9bc	no	https://huggingface.co/deepseek-ai/DeepSeek-V4-Flash-0731/resolve/7872f01b1d1fe23eabc4c98b48bffcef5a386062/model-00007-of-00048.safetensors?download=true
model-00008-of-00048.safetensors	3590024776	224968d2b27f8669365ec08657a768dfec40da0585f85f302a31495931f6a526	no	https://huggingface.co/deepseek-ai/DeepSeek-V4-Flash-0731/resolve/7872f01b1d1fe23eabc4c98b48bffcef5a386062/model-00008-of-00048.safetensors?download=true
model-00009-of-00048.safetensors	3568768976	04d69ef1071fff8721c62968c200a5583122b59b015e9ef9b2978bfed271b2b7	no	https://huggingface.co/deepseek-ai/DeepSeek-V4-Flash-0731/resolve/7872f01b1d1fe23eabc4c98b48bffcef5a386062/model-00009-of-00048.safetensors?download=true
model-00010-of-00048.safetensors	3590024776	627145f4ebeb1cc3f5bdd03416b8cb7370b3c96974853cbeb8e5516ad5713e49	no	https://huggingface.co/deepseek-ai/DeepSeek-V4-Flash-0731/resolve/7872f01b1d1fe23eabc4c98b48bffcef5a386062/model-00010-of-00048.safetensors?download=true
model-00011-of-00048.safetensors	3568768976	e4b8e601dcbebe902e0102e7b098b670a121cb8b9564dd719fc41d782c8416e0	no	https://huggingface.co/deepseek-ai/DeepSeek-V4-Flash-0731/resolve/7872f01b1d1fe23eabc4c98b48bffcef5a386062/model-00011-of-00048.safetensors?download=true
model-00012-of-00048.safetensors	3590026352	64ed4e5f6126ba029c462c9d5fca0fc907c5f855b4ba01194d79560f6db16e42	no	https://huggingface.co/deepseek-ai/DeepSeek-V4-Flash-0731/resolve/7872f01b1d1fe23eabc4c98b48bffcef5a386062/model-00012-of-00048.safetensors?download=true
model-00013-of-00048.safetensors	3568770544	8dfe199d07c07ddd141c2c0136a2237f1161250a1a03ebe8deaabac93440da1d	no	https://huggingface.co/deepseek-ai/DeepSeek-V4-Flash-0731/resolve/7872f01b1d1fe23eabc4c98b48bffcef5a386062/model-00013-of-00048.safetensors?download=true
model-00014-of-00048.safetensors	3590026352	45db2f540f825f92453c50335e49aede58cca56bc578d1787c12a0fbca6593e5	no	https://huggingface.co/deepseek-ai/DeepSeek-V4-Flash-0731/resolve/7872f01b1d1fe23eabc4c98b48bffcef5a386062/model-00014-of-00048.safetensors?download=true
model-00015-of-00048.safetensors	3568770544	5810381a0f05b7381c002d299ed6ac19e42eba8070dd17e2703546944d84f292	no	https://huggingface.co/deepseek-ai/DeepSeek-V4-Flash-0731/resolve/7872f01b1d1fe23eabc4c98b48bffcef5a386062/model-00015-of-00048.safetensors?download=true
model-00016-of-00048.safetensors	3590026352	e0530b7024771b0ce2df9b40bcc2232578f3300178487ec216863b0b2835617b	no	https://huggingface.co/deepseek-ai/DeepSeek-V4-Flash-0731/resolve/7872f01b1d1fe23eabc4c98b48bffcef5a386062/model-00016-of-00048.safetensors?download=true
model-00017-of-00048.safetensors	3568770544	ed11130247118b185ade893c0109bad896dd394cb1e066ce4fce044176261d94	no	https://huggingface.co/deepseek-ai/DeepSeek-V4-Flash-0731/resolve/7872f01b1d1fe23eabc4c98b48bffcef5a386062/model-00017-of-00048.safetensors?download=true
model-00018-of-00048.safetensors	3590026352	e393fea96da2a3414ef089354fc32e1c8891954de40958c84d2c2ecf80365b25	no	https://huggingface.co/deepseek-ai/DeepSeek-V4-Flash-0731/resolve/7872f01b1d1fe23eabc4c98b48bffcef5a386062/model-00018-of-00048.safetensors?download=true
model-00019-of-00048.safetensors	3568770544	a74ca4d3e8e82ce20c458bb8b1900110b753793ad4c58d08f38995f719c616f7	no	https://huggingface.co/deepseek-ai/DeepSeek-V4-Flash-0731/resolve/7872f01b1d1fe23eabc4c98b48bffcef5a386062/model-00019-of-00048.safetensors?download=true
model-00020-of-00048.safetensors	3590026352	9f556769926e60309e8defe45ab59fc8b26ae460d30c190cd746a3d78c11e2c2	no	https://huggingface.co/deepseek-ai/DeepSeek-V4-Flash-0731/resolve/7872f01b1d1fe23eabc4c98b48bffcef5a386062/model-00020-of-00048.safetensors?download=true
model-00021-of-00048.safetensors	3568770544	1671cce7f90d781f796b5ca6bf32dd1aeb740abcb2735e41ffd28f62485ce005	no	https://huggingface.co/deepseek-ai/DeepSeek-V4-Flash-0731/resolve/7872f01b1d1fe23eabc4c98b48bffcef5a386062/model-00021-of-00048.safetensors?download=true
model-00022-of-00048.safetensors	3590026352	decd67a4bd97a75fa36861d2ad3067afeefa6a04a20da997fe6c19f171e70132	no	https://huggingface.co/deepseek-ai/DeepSeek-V4-Flash-0731/resolve/7872f01b1d1fe23eabc4c98b48bffcef5a386062/model-00022-of-00048.safetensors?download=true
model-00023-of-00048.safetensors	3568770544	c61a3e179cdbee19bfb8cbc4e111928ce2f1e1f0f4729d7c0cd5634354a4689d	no	https://huggingface.co/deepseek-ai/DeepSeek-V4-Flash-0731/resolve/7872f01b1d1fe23eabc4c98b48bffcef5a386062/model-00023-of-00048.safetensors?download=true
model-00024-of-00048.safetensors	3590026352	fc27aeb4233534f6f7781dcfe57127a3908ae10fc025c5d86dc0682057f8b2fe	no	https://huggingface.co/deepseek-ai/DeepSeek-V4-Flash-0731/resolve/7872f01b1d1fe23eabc4c98b48bffcef5a386062/model-00024-of-00048.safetensors?download=true
model-00025-of-00048.safetensors	3568770544	a66b6b8d5821b68f5b511e4f91e12025cd07d0fa6d0b71e722d825a2d6d878ca	no	https://huggingface.co/deepseek-ai/DeepSeek-V4-Flash-0731/resolve/7872f01b1d1fe23eabc4c98b48bffcef5a386062/model-00025-of-00048.safetensors?download=true
model-00026-of-00048.safetensors	3590026352	657b89314fbaf6eee4acce24b3baf7e5fd2c5986a96ad85b08d90539cde869fe	no	https://huggingface.co/deepseek-ai/DeepSeek-V4-Flash-0731/resolve/7872f01b1d1fe23eabc4c98b48bffcef5a386062/model-00026-of-00048.safetensors?download=true
model-00027-of-00048.safetensors	3568770544	fb01f21a0da0446b0bdf25a127ab19a6b06006acd8735f06a9ebfe34423fd7f5	no	https://huggingface.co/deepseek-ai/DeepSeek-V4-Flash-0731/resolve/7872f01b1d1fe23eabc4c98b48bffcef5a386062/model-00027-of-00048.safetensors?download=true
model-00028-of-00048.safetensors	3590026352	b2fd5cbbb639f16e673bc484e5cca16b52a58bf2ab4bd62592e0c5408712ad7c	no	https://huggingface.co/deepseek-ai/DeepSeek-V4-Flash-0731/resolve/7872f01b1d1fe23eabc4c98b48bffcef5a386062/model-00028-of-00048.safetensors?download=true
model-00029-of-00048.safetensors	3568770544	9ec2fdf900275daeac0980490c5c731cc7868b151ce1de5698f48418de4fa5f0	no	https://huggingface.co/deepseek-ai/DeepSeek-V4-Flash-0731/resolve/7872f01b1d1fe23eabc4c98b48bffcef5a386062/model-00029-of-00048.safetensors?download=true
model-00030-of-00048.safetensors	3590026352	9ed3c317bf967d32133ad3a068ee4c56aae9784bc8b7da694482437f37dc1782	no	https://huggingface.co/deepseek-ai/DeepSeek-V4-Flash-0731/resolve/7872f01b1d1fe23eabc4c98b48bffcef5a386062/model-00030-of-00048.safetensors?download=true
model-00031-of-00048.safetensors	3568770544	d5078c3fca3e6370043606ead7856e0b8fe67a9aab52c415769f29934c4d7f5d	no	https://huggingface.co/deepseek-ai/DeepSeek-V4-Flash-0731/resolve/7872f01b1d1fe23eabc4c98b48bffcef5a386062/model-00031-of-00048.safetensors?download=true
model-00032-of-00048.safetensors	3590026352	163653848f002718d3deaa6ce48885483fc1f2e12e50e44a47477c73ccd91393	no	https://huggingface.co/deepseek-ai/DeepSeek-V4-Flash-0731/resolve/7872f01b1d1fe23eabc4c98b48bffcef5a386062/model-00032-of-00048.safetensors?download=true
model-00033-of-00048.safetensors	3568770544	f2cffd43f2a5f491f4691f8694e6bc08239158e143ae7063dc04f0eb0259214a	no	https://huggingface.co/deepseek-ai/DeepSeek-V4-Flash-0731/resolve/7872f01b1d1fe23eabc4c98b48bffcef5a386062/model-00033-of-00048.safetensors?download=true
model-00034-of-00048.safetensors	3590026352	0f94945121474cfdb6a9ab175914d3811ffbf08e6cc54082e14e473c755d18d8	no	https://huggingface.co/deepseek-ai/DeepSeek-V4-Flash-0731/resolve/7872f01b1d1fe23eabc4c98b48bffcef5a386062/model-00034-of-00048.safetensors?download=true
model-00035-of-00048.safetensors	3568770544	9cb6a316989f7c7385e3ec2bd42ffe766ee126c70ef3466742849982ee1b0f0f	no	https://huggingface.co/deepseek-ai/DeepSeek-V4-Flash-0731/resolve/7872f01b1d1fe23eabc4c98b48bffcef5a386062/model-00035-of-00048.safetensors?download=true
model-00036-of-00048.safetensors	3590026352	7e6761421fe944c2143eb897b983085891b421c148c6c17fb5cd8eaa9bdaa497	no	https://huggingface.co/deepseek-ai/DeepSeek-V4-Flash-0731/resolve/7872f01b1d1fe23eabc4c98b48bffcef5a386062/model-00036-of-00048.safetensors?download=true
model-00037-of-00048.safetensors	3568770544	a59d662f1143596d56c452a1230b717ce43edf678207398c573a2503b0f72c91	no	https://huggingface.co/deepseek-ai/DeepSeek-V4-Flash-0731/resolve/7872f01b1d1fe23eabc4c98b48bffcef5a386062/model-00037-of-00048.safetensors?download=true
model-00038-of-00048.safetensors	3590026352	137fa617a74ba8e73fd76bb1010c7a85d791aaa150006cb66faa04a83e9e730f	no	https://huggingface.co/deepseek-ai/DeepSeek-V4-Flash-0731/resolve/7872f01b1d1fe23eabc4c98b48bffcef5a386062/model-00038-of-00048.safetensors?download=true
model-00039-of-00048.safetensors	3568770544	a29af1aa519d7ce726235ea2c2b38146d756290cda7a82d90c4d4438155b53e4	no	https://huggingface.co/deepseek-ai/DeepSeek-V4-Flash-0731/resolve/7872f01b1d1fe23eabc4c98b48bffcef5a386062/model-00039-of-00048.safetensors?download=true
model-00040-of-00048.safetensors	3590026352	8bc93d8a7d1987dc86b14e22b1d8f42ec31da92c56edd9f312daf43f33a6a206	no	https://huggingface.co/deepseek-ai/DeepSeek-V4-Flash-0731/resolve/7872f01b1d1fe23eabc4c98b48bffcef5a386062/model-00040-of-00048.safetensors?download=true
model-00041-of-00048.safetensors	3568770544	fd312e7fdd6cb5796df356a7f0314f124851dc149991e9fb02c5bed45cc4ba05	no	https://huggingface.co/deepseek-ai/DeepSeek-V4-Flash-0731/resolve/7872f01b1d1fe23eabc4c98b48bffcef5a386062/model-00041-of-00048.safetensors?download=true
model-00042-of-00048.safetensors	3590026352	4d19bf368083c9a183cb0849f316ec17b62f859ca824c0586e779657efb6e6a6	no	https://huggingface.co/deepseek-ai/DeepSeek-V4-Flash-0731/resolve/7872f01b1d1fe23eabc4c98b48bffcef5a386062/model-00042-of-00048.safetensors?download=true
model-00043-of-00048.safetensors	3568770544	b7103842ceb70848f9804f55c193d6a57f43174a587cba42b61b5c1bc4e1303d	no	https://huggingface.co/deepseek-ai/DeepSeek-V4-Flash-0731/resolve/7872f01b1d1fe23eabc4c98b48bffcef5a386062/model-00043-of-00048.safetensors?download=true
model-00044-of-00048.safetensors	3590026352	422d3889fa20c238b7f97464c14df0bcf3328f189c294f41a3a334421dc560c7	no	https://huggingface.co/deepseek-ai/DeepSeek-V4-Flash-0731/resolve/7872f01b1d1fe23eabc4c98b48bffcef5a386062/model-00044-of-00048.safetensors?download=true
model-00045-of-00048.safetensors	1059332516	a5be6aed7b84fc87ec42b5d24ba0b0d67f253a3906fcd99c13f4f7be5958fc00	no	https://huggingface.co/deepseek-ai/DeepSeek-V4-Flash-0731/resolve/7872f01b1d1fe23eabc4c98b48bffcef5a386062/model-00045-of-00048.safetensors?download=true
model-00046-of-00048.safetensors	3610455184	5db924ca907e0d93acd975bd5079c3662717f9ac709f23d079bd8f816d29d9dd	no	https://huggingface.co/deepseek-ai/DeepSeek-V4-Flash-0731/resolve/7872f01b1d1fe23eabc4c98b48bffcef5a386062/model-00046-of-00048.safetensors?download=true
model-00047-of-00048.safetensors	3560111960	62816173f9f6e136b20b48e3b6f16613ac9ea02b5603f636928b253244a548bd	no	https://huggingface.co/deepseek-ai/DeepSeek-V4-Flash-0731/resolve/7872f01b1d1fe23eabc4c98b48bffcef5a386062/model-00047-of-00048.safetensors?download=true
model-00048-of-00048.safetensors	3692775244	cc43742bd24ae6bcdea343a91442f6f66aed2cfebcc6b235470204851ce2f8a9	no	https://huggingface.co/deepseek-ai/DeepSeek-V4-Flash-0731/resolve/7872f01b1d1fe23eabc4c98b48bffcef5a386062/model-00048-of-00048.safetensors?download=true
model.safetensors.index.json	5602871		no	https://huggingface.co/deepseek-ai/DeepSeek-V4-Flash-0731/resolve/7872f01b1d1fe23eabc4c98b48bffcef5a386062/model.safetensors.index.json?download=true
tokenizer.json	6367146		no	https://huggingface.co/deepseek-ai/DeepSeek-V4-Flash-0731/resolve/7872f01b1d1fe23eabc4c98b48bffcef5a386062/tokenizer.json?download=true
tokenizer_config.json	801		no	https://huggingface.co/deepseek-ai/DeepSeek-V4-Flash-0731/resolve/7872f01b1d1fe23eabc4c98b48bffcef5a386062/tokenizer_config.json?download=true
