name	version	architecture	url	filename	bytes	sha256	depends	pre_depends	license	purpose_ko	import_route
ca-certificates	20260601~24.04.1	all	https://ports.ubuntu.com/ubuntu-ports/pool/main/c/ca-certificates/ca-certificates_20260601%7e24.04.1_all.deb	ca-certificates_20260601~24.04.1_all.deb	139430	6bac2a01979e210d9eac1d4d56747ec709ea60654744d66705dc3c36e7629e50	openssl (>= 1.1.1), debconf (>= 0.5) | debconf-2.0		MPL-2.0; GPL-2.0-or-later	DGX Spark 호스트 Python 3.12·pip 설치 및 전이 의존성 (ARM64)	quarantine-code-round
debconf	1.5.86ubuntu1	all	https://ports.ubuntu.com/ubuntu-ports/pool/main/d/debconf/debconf_1.5.86ubuntu1_all.deb	debconf_1.5.86ubuntu1_all.deb	124096	bb390da466a7461bfc87aa3e6b7cd145dae84af3e26bf437f2c0c218ba226294			BSD-2-Clause	DGX Spark 호스트 Python 3.12·pip 설치 및 전이 의존성 (ARM64)	quarantine-code-round
dpkg	1.22.6ubuntu6.6	arm64	https://ports.ubuntu.com/ubuntu-ports/pool/main/d/dpkg/dpkg_1.22.6ubuntu6.6_arm64.deb	dpkg_1.22.6ubuntu6.6_arm64.deb	1264616	c34117a1f62fe8a2026cfba7bde0ec3fedd5d39abad7515bdd45fffcec764288	tar (>= 1.28-1)	libbz2-1.0, libc6 (>= 2.38), liblzma5 (>= 5.4.0), libmd0 (>= 0.0.0), libselinux1 (>= 3.1~), libzstd1 (>= 1.5.5), zlib1g (>= 1:1.1.4)	GPL-2.0-or-later; public-domain-s-s-d	DGX Spark 호스트 Python 3.12·pip 설치 및 전이 의존성 (ARM64)	quarantine-code-round
gcc-14-base	14.2.0-4ubuntu2~24.04.1	arm64	https://ports.ubuntu.com/ubuntu-ports/pool/main/g/gcc-14/gcc-14-base_14.2.0-4ubuntu2%7e24.04.1_arm64.deb	gcc-14-base_14.2.0-4ubuntu2~24.04.1_arm64.deb	50984	bddbe21061fdc73a23e7de79ece91693bf61aa22d634d1c69c5048385c114968			GPL-3.0-or-later; additional GCC notices	DGX Spark 호스트 Python 3.12·pip 설치 및 전이 의존성 (ARM64)	quarantine-code-round
libacl1	2.3.2-1build1.1	arm64	https://ports.ubuntu.com/ubuntu-ports/pool/main/a/acl/libacl1_2.3.2-1build1.1_arm64.deb	libacl1_2.3.2-1build1.1_arm64.deb	17050	ebc53ded654fcf4449df250cb563ff05f10d851e904e638f698dc7e921ffa47b	libc6 (>= 2.38)		LGPL-2.1-or-later (library); GPL-2.0-or-later (other files)	DGX Spark 호스트 Python 3.12·pip 설치 및 전이 의존성 (ARM64)	quarantine-code-round
libbz2-1.0	1.0.8-5.1ubuntu0.1	arm64	https://ports.ubuntu.com/ubuntu-ports/pool/main/b/bzip2/libbz2-1.0_1.0.8-5.1ubuntu0.1_arm64.deb	libbz2-1.0_1.0.8-5.1ubuntu0.1_arm64.deb	35936	1a92811105f89bf948a629de99715ef23941ef93c901e0942883029069db3f94	libc6 (>= 2.17)		bzip2 BSD-variant; GPL-2.0-only (packaging)	DGX Spark 호스트 Python 3.12·pip 설치 및 전이 의존성 (ARM64)	quarantine-code-round
libc6	2.39-0ubuntu8.8	arm64	https://ports.ubuntu.com/ubuntu-ports/pool/main/g/glibc/libc6_2.39-0ubuntu8.8_arm64.deb	libc6_2.39-0ubuntu8.8_arm64.deb	2775342	2c6010da71b668e210aedaaac2b71fca3eef810e331710dd7c02b8c40ea16de8	libgcc-s1		LGPL-2.1-or-later (library); additional glibc notices	DGX Spark 호스트 Python 3.12·pip 설치 및 전이 의존성 (ARM64)	quarantine-code-round
libcrypt1	1:4.4.36-4build1	arm64	https://ports.ubuntu.com/ubuntu-ports/pool/main/libx/libxcrypt/libcrypt1_4.4.36-4build1_arm64.deb	libcrypt1_1%3a4.4.36-4build1_arm64.deb	85888	5cd73ba112507dabd8e43b528ca9f530719a370e014b8e3e797770e6e940cccf	libc6 (>= 2.38)		LGPL-2.1-or-later; BSD variants; public-domain notices	DGX Spark 호스트 Python 3.12·pip 설치 및 전이 의존성 (ARM64)	quarantine-code-round
libdb5.3t64	5.3.28+dfsg2-7	arm64	https://ports.ubuntu.com/ubuntu-ports/pool/main/d/db5.3/libdb5.3t64_5.3.28%2bdfsg2-7_arm64.deb	libdb5.3t64_5.3.28+dfsg2-7_arm64.deb	732284	b04d246b871e2e745538fa71ce2d1a127dfd65e7b1438bc6b8e2bb86538f519e	libc6 (>= 2.38)		Sleepycat AND BSD-3-Clause; additional per-file notices	DGX Spark 호스트 Python 3.12·pip 설치 및 전이 의존성 (ARM64)	quarantine-code-round
libexpat1	2.6.1-2ubuntu0.4	arm64	https://ports.ubuntu.com/ubuntu-ports/pool/main/e/expat/libexpat1_2.6.1-2ubuntu0.4_arm64.deb	libexpat1_2.6.1-2ubuntu0.4_arm64.deb	77506	284f48567ba2abe026e12ae351f5f4c3a489ce723f725eacfa51bf715aa94609	libc6 (>= 2.38)		MIT	DGX Spark 호스트 Python 3.12·pip 설치 및 전이 의존성 (ARM64)	quarantine-code-round
libffi8	3.4.6-1build1	arm64	https://ports.ubuntu.com/ubuntu-ports/pool/main/libf/libffi/libffi8_3.4.6-1build1_arm64.deb	libffi8_3.4.6-1build1_arm64.deb	22716	a4d4607144bc599328a913d7312761fd8f4a650d67c7d5058f1f3667d771d37c	libc6 (>= 2.34)		MIT/Expat (library); additional per-file notices	DGX Spark 호스트 Python 3.12·pip 설치 및 전이 의존성 (ARM64)	quarantine-code-round
libgcc-s1	14.2.0-4ubuntu2~24.04.1	arm64	https://ports.ubuntu.com/ubuntu-ports/pool/main/g/gcc-14/libgcc-s1_14.2.0-4ubuntu2%7e24.04.1_arm64.deb	libgcc-s1_14.2.0-4ubuntu2~24.04.1_arm64.deb	61884	5b191f79ad985a9a653dbba45214619f729f9178a9bdf92f7c68db06c50d070b	gcc-14-base (= 14.2.0-4ubuntu2~24.04.1), libc6 (>= 2.35)		GPL-3.0-or-later WITH GCC-exception-3.1	DGX Spark 호스트 Python 3.12·pip 설치 및 전이 의존성 (ARM64)	quarantine-code-round
liblzma5	5.6.1+really5.4.5-1ubuntu0.3	arm64	https://ports.ubuntu.com/ubuntu-ports/pool/main/x/xz-utils/liblzma5_5.6.1%2breally5.4.5-1ubuntu0.3_arm64.deb	liblzma5_5.6.1+really5.4.5-1ubuntu0.3_arm64.deb	125976	2f58fd7de725efd0dbebe9d4442049fdacd7c2e8242f4288a13a688d50507245	libc6 (>= 2.34)		Public-domain (liblzma source); additional binary notices	DGX Spark 호스트 Python 3.12·pip 설치 및 전이 의존성 (ARM64)	quarantine-code-round
libmd0	1.1.0-2build1.1	arm64	https://ports.ubuntu.com/ubuntu-ports/pool/main/libm/libmd/libmd0_1.1.0-2build1.1_arm64.deb	libmd0_1.1.0-2build1.1_arm64.deb	24616	c28583825f7191cdc8b6b71c6150e2cbfc29616d6570680e5284fabc19765ea5	libc6 (>= 2.33)		BSD variants; ISC; Beerware; public-domain notices	DGX Spark 호스트 Python 3.12·pip 설치 및 전이 의존성 (ARM64)	quarantine-code-round
libncursesw6	6.4+20240113-1ubuntu2.2	arm64	https://ports.ubuntu.com/ubuntu-ports/pool/main/n/ncurses/libncursesw6_6.4%2b20240113-1ubuntu2.2_arm64.deb	libncursesw6_6.4+20240113-1ubuntu2.2_arm64.deb	145566	70c7edddf49520a7d0e620ad7d82da8e4b8c2ba7bd8caf156d5666ea19836e94	libtinfo6 (= 6.4+20240113-1ubuntu2.2), libc6 (>= 2.34)		MIT/X11; BSD-3-Clause; X11	DGX Spark 호스트 Python 3.12·pip 설치 및 전이 의존성 (ARM64)	quarantine-code-round
libpcre2-8-0	10.42-4ubuntu2.1	arm64	https://ports.ubuntu.com/ubuntu-ports/pool/main/p/pcre2/libpcre2-8-0_10.42-4ubuntu2.1_arm64.deb	libpcre2-8-0_10.42-4ubuntu2.1_arm64.deb	211856	7581764969752953aa1f991ce143bea594d2c5d0c36c2cc98c3c614c172aba93	libc6 (>= 2.34)		BSD-3-clause-Cambridge with binary exception; additional notices	DGX Spark 호스트 Python 3.12·pip 설치 및 전이 의존성 (ARM64)	quarantine-code-round
libpython3-stdlib	3.12.3-0ubuntu2.1	arm64	https://ports.ubuntu.com/ubuntu-ports/pool/main/p/python3-defaults/libpython3-stdlib_3.12.3-0ubuntu2.1_arm64.deb	libpython3-stdlib_3.12.3-0ubuntu2.1_arm64.deb	10088	b6bd0a5e6fa11f2bae6da48707abe6b8245412cbf34e376cb3b9af0968b7122a	libpython3.12-stdlib (>= 3.12.3-0~)		PSF-2.0; historical Python and third-party notices	DGX Spark 호스트 Python 3.12·pip 설치 및 전이 의존성 (ARM64)	quarantine-code-round
libpython3.12-minimal	3.12.3-1ubuntu0.16	arm64	https://ports.ubuntu.com/ubuntu-ports/pool/main/p/python3.12/libpython3.12-minimal_3.12.3-1ubuntu0.16_arm64.deb	libpython3.12-minimal_3.12.3-1ubuntu0.16_arm64.deb	834914	5bff0e071c258b82b1f4763d55acf2b4b25cc37d7606eddab33c655e4ab620b4	libc6 (>= 2.17), libssl3t64 (>= 3.0.0)		PSF-2.0; historical Python and third-party notices	DGX Spark 호스트 Python 3.12·pip 설치 및 전이 의존성 (ARM64)	quarantine-code-round
libpython3.12-stdlib	3.12.3-1ubuntu0.16	arm64	https://ports.ubuntu.com/ubuntu-ports/pool/main/p/python3.12/libpython3.12-stdlib_3.12.3-1ubuntu0.16_arm64.deb	libpython3.12-stdlib_3.12.3-1ubuntu0.16_arm64.deb	2039858	81979b11f59fcffc56da824c77178bbdb7468c5b942a09383d581532729bd06d	libpython3.12-minimal (= 3.12.3-1ubuntu0.16), media-types | mime-support, netbase, tzdata, libbz2-1.0, libc6 (>= 2.38), libcrypt1 (>= 1:4.1.0), libdb5.3t64, libffi8 (>= 3.4), liblzma5 (>= 5.1.1alpha+20120614), libncursesw6 (>= 6.1), libreadline8t64 (>= 7.0~beta), libsqlite3-0 (>= 3.36.0), libtinfo6 (>= 6)		PSF-2.0; historical Python and third-party notices	DGX Spark 호스트 Python 3.12·pip 설치 및 전이 의존성 (ARM64)	quarantine-code-round
libreadline8t64	8.2-4build1	arm64	https://ports.ubuntu.com/ubuntu-ports/pool/main/r/readline/libreadline8t64_8.2-4build1_arm64.deb	libreadline8t64_8.2-4build1_arm64.deb	153046	7f46b2f3ca588cd2f05d2cfb6844017309760b4201105cdfda4b339f9e6c69da	readline-common, libc6 (>= 2.38), libtinfo6 (>= 6)		GPL-3.0-or-later; additional per-file/documentation notices	DGX Spark 호스트 Python 3.12·pip 설치 및 전이 의존성 (ARM64)	quarantine-code-round
libselinux1	3.5-2ubuntu2.1	arm64	https://ports.ubuntu.com/ubuntu-ports/pool/main/libs/libselinux/libselinux1_3.5-2ubuntu2.1_arm64.deb	libselinux1_3.5-2ubuntu2.1_arm64.deb	79946	56630c4f009754e76808bf755072e634f8785a4dfbc8b1445213149e682f1502	libc6 (>= 2.38), libpcre2-8-0 (>= 10.22)		Public-domain (library); GPL-2.0-only (other files)	DGX Spark 호스트 Python 3.12·pip 설치 및 전이 의존성 (ARM64)	quarantine-code-round
libsqlite3-0	3.45.1-1ubuntu2.7	arm64	https://ports.ubuntu.com/ubuntu-ports/pool/main/s/sqlite3/libsqlite3-0_3.45.1-1ubuntu2.7_arm64.deb	libsqlite3-0_3.45.1-1ubuntu2.7_arm64.deb	704734	2633907e89b37ae88fb1b18736b0a7a14feb614382c6297fca91cea4182fbbad	libc6 (>= 2.38)		Public-domain (SQLite); GPL-2.0-or-later (packaging)	DGX Spark 호스트 Python 3.12·pip 설치 및 전이 의존성 (ARM64)	quarantine-code-round
libssl3t64	3.0.13-0ubuntu3.15	arm64	https://ports.ubuntu.com/ubuntu-ports/pool/main/o/openssl/libssl3t64_3.0.13-0ubuntu3.15_arm64.deb	libssl3t64_3.0.13-0ubuntu3.15_arm64.deb	1836826	bf0b51fb18187c4e1b03900e1049dc219047080ff511aa3bf691dbe24e14d24a	libc6 (>= 2.38)		Apache-2.0 (OpenSSL); additional per-file notices	DGX Spark 호스트 Python 3.12·pip 설치 및 전이 의존성 (ARM64)	quarantine-code-round
libtinfo6	6.4+20240113-1ubuntu2.2	arm64	https://ports.ubuntu.com/ubuntu-ports/pool/main/n/ncurses/libtinfo6_6.4%2b20240113-1ubuntu2.2_arm64.deb	libtinfo6_6.4+20240113-1ubuntu2.2_arm64.deb	104652	00570dce13bd89b31e4f433001fb0a55436e57a76370afbae6c5ac491b3dd3e9	libc6 (>= 2.34)		MIT/X11; BSD-3-Clause; X11	DGX Spark 호스트 Python 3.12·pip 설치 및 전이 의존성 (ARM64)	quarantine-code-round
libzstd1	1.5.5+dfsg2-2build1.1	arm64	https://ports.ubuntu.com/ubuntu-ports/pool/main/libz/libzstd/libzstd1_1.5.5%2bdfsg2-2build1.1_arm64.deb	libzstd1_1.5.5+dfsg2-2build1.1_arm64.deb	271278	ea7d6e9fde577ea14dbf07fdfb74d6287eb09c6cba4a9d63abdcb87b0ec54bcc	libc6 (>= 2.34)		BSD-3-Clause OR GPL-2.0-only; additional per-file notices	DGX Spark 호스트 Python 3.12·pip 설치 및 전이 의존성 (ARM64)	quarantine-code-round
media-types	10.1.0	all	https://ports.ubuntu.com/ubuntu-ports/pool/main/m/media-types/media-types_10.1.0_all.deb	media-types_10.1.0_all.deb	27474	31bfb7eec55ab6d34a50ba995150e1498d4cb897714085d8025e330d3b529747			Public-domain information (ad-hoc notice)	DGX Spark 호스트 Python 3.12·pip 설치 및 전이 의존성 (ARM64)	quarantine-code-round
netbase	6.4	all	https://ports.ubuntu.com/ubuntu-ports/pool/main/n/netbase/netbase_6.4_all.deb	netbase_6.4_all.deb	13112	8cdbc9c3dca01e660759bf9d840f72e45ac72faf5d19ca1faecacaf6a60c1a87			GPL-2.0-only	DGX Spark 호스트 Python 3.12·pip 설치 및 전이 의존성 (ARM64)	quarantine-code-round
openssl	3.0.13-0ubuntu3.15	arm64	https://ports.ubuntu.com/ubuntu-ports/pool/main/o/openssl/openssl_3.0.13-0ubuntu3.15_arm64.deb	openssl_3.0.13-0ubuntu3.15_arm64.deb	984680	818b4ab7092eb3365358ce41896ad08206b30cdb67445d7ec0503262893a0d95	libc6 (>= 2.34), libssl3t64 (>= 3.0.9)		Apache-2.0 (OpenSSL); additional per-file notices	DGX Spark 호스트 Python 3.12·pip 설치 및 전이 의존성 (ARM64)	quarantine-code-round
python3-minimal	3.12.3-0ubuntu2.1	arm64	https://ports.ubuntu.com/ubuntu-ports/pool/main/p/python3-defaults/python3-minimal_3.12.3-0ubuntu2.1_arm64.deb	python3-minimal_3.12.3-0ubuntu2.1_arm64.deb	27444	883f362e7ea23d3de5483c0b5c31774f75897cc46d34840371b5fe7a0cc3a83c	dpkg (>= 1.13.20)	python3.12-minimal (>= 3.12.3-0~)	PSF-2.0; historical Python and third-party notices	DGX Spark 호스트 Python 3.12·pip 설치 및 전이 의존성 (ARM64)	quarantine-code-round
python3-pip	24.0+dfsg-1ubuntu1.3	all	https://ports.ubuntu.com/ubuntu-ports/pool/universe/p/python-pip/python3-pip_24.0%2bdfsg-1ubuntu1.3_all.deb	python3-pip_24.0+dfsg-1ubuntu1.3_all.deb	1319940	4e1af0b6f0b52c847ffa7b192b9f650845b99ff300138af05ab9a6252eb75682	ca-certificates, python3-setuptools, python3-wheel, python3:any		MIT (pip); Apache-2.0, BSD, ISC, MPL, LGPL, Python (bundled)	DGX Spark 호스트 Python 3.12·pip 설치 및 전이 의존성 (ARM64)	quarantine-code-round
python3-pkg-resources	68.1.2-2ubuntu1.2	all	https://ports.ubuntu.com/ubuntu-ports/pool/main/s/setuptools/python3-pkg-resources_68.1.2-2ubuntu1.2_all.deb	python3-pkg-resources_68.1.2-2ubuntu1.2_all.deb	167914	13caaa69d5ba8b02e90087d4bcef714c0581e591e820804d15d12f582055147a	python3:any		MIT; Apache-2.0; BSD-3-Clause (packaging)	DGX Spark 호스트 Python 3.12·pip 설치 및 전이 의존성 (ARM64)	quarantine-code-round
python3-setuptools	68.1.2-2ubuntu1.2	all	https://ports.ubuntu.com/ubuntu-ports/pool/main/s/setuptools/python3-setuptools_68.1.2-2ubuntu1.2_all.deb	python3-setuptools_68.1.2-2ubuntu1.2_all.deb	396614	27ede03d8c5046c30cf1dcdc8835708408d27bdd3561e881b5d66656e6ff23e7	python3-pkg-resources (= 68.1.2-2ubuntu1.2), python3:any		MIT; Apache-2.0; BSD-3-Clause (packaging)	DGX Spark 호스트 Python 3.12·pip 설치 및 전이 의존성 (ARM64)	quarantine-code-round
python3-wheel	0.42.0-2	all	https://ports.ubuntu.com/ubuntu-ports/pool/universe/w/wheel/python3-wheel_0.42.0-2_all.deb	python3-wheel_0.42.0-2_all.deb	53052	e1a4076425d3d1f1772b11bff6a025055723b2d0a4972f9519849ddaa8cd3953	python3:any		MIT; (Apache-2.0 OR BSD-2-Clause); GPL-3.0-only (packaging)	DGX Spark 호스트 Python 3.12·pip 설치 및 전이 의존성 (ARM64)	quarantine-code-round
python3.12-minimal	3.12.3-1ubuntu0.16	arm64	https://ports.ubuntu.com/ubuntu-ports/pool/main/p/python3.12/python3.12-minimal_3.12.3-1ubuntu0.16_arm64.deb	python3.12-minimal_3.12.3-1ubuntu0.16_arm64.deb	2235128	651ffbd5816b03a8e146047db4aa00c83b644f25113784b5a398d1a2314b611b	libpython3.12-minimal (= 3.12.3-1ubuntu0.16), libexpat1 (>= 2.6.0), zlib1g (>= 1:1.2.0)	libc6 (>= 2.38)	PSF-2.0; historical Python and third-party notices	DGX Spark 호스트 Python 3.12·pip 설치 및 전이 의존성 (ARM64)	quarantine-code-round
python3.12	3.12.3-1ubuntu0.16	arm64	https://ports.ubuntu.com/ubuntu-ports/pool/main/p/python3.12/python3.12_3.12.3-1ubuntu0.16_arm64.deb	python3.12_3.12.3-1ubuntu0.16_arm64.deb	650728	610e1be5625661af1eb69f5bfd6d65d832810b52e96a9ff8c5ac719990e98553	python3.12-minimal (= 3.12.3-1ubuntu0.16), libpython3.12-stdlib (= 3.12.3-1ubuntu0.16), media-types | mime-support, tzdata		PSF-2.0; historical Python and third-party notices	DGX Spark 호스트 Python 3.12·pip 설치 및 전이 의존성 (ARM64)	quarantine-code-round
python3	3.12.3-0ubuntu2.1	arm64	https://ports.ubuntu.com/ubuntu-ports/pool/main/p/python3-defaults/python3_3.12.3-0ubuntu2.1_arm64.deb	python3_3.12.3-0ubuntu2.1_arm64.deb	23004	ea792b91e0fc9e249b96b960d14e04a8b7107029988546e8dd3511b74a693a6c	python3.12 (>= 3.12.3-0~), libpython3-stdlib (= 3.12.3-0ubuntu2.1)	python3-minimal (= 3.12.3-0ubuntu2.1)	PSF-2.0; historical Python and third-party notices	DGX Spark 호스트 Python 3.12·pip 설치 및 전이 의존성 (ARM64)	quarantine-code-round
readline-common	8.2-4build1	all	https://ports.ubuntu.com/ubuntu-ports/pool/main/r/readline/readline-common_8.2-4build1_all.deb	readline-common_8.2-4build1_all.deb	56484	879bfd7f8a9bc4c0f7cdc777cdd8bc6de5f8c4a2ac80c060322a1b22f13504bb			GPL-3.0-or-later; additional per-file/documentation notices	DGX Spark 호스트 Python 3.12·pip 설치 및 전이 의존성 (ARM64)	quarantine-code-round
tar	1.35+dfsg-3ubuntu0.4	arm64	https://ports.ubuntu.com/ubuntu-ports/pool/main/t/tar/tar_1.35%2bdfsg-3ubuntu0.4_arm64.deb	tar_1.35+dfsg-3ubuntu0.4_arm64.deb	252352	3302932e6125f1be306a9be67cf58a81f94911d92a99c9eeb0aff59c2c457fd7		libacl1 (>= 2.2.23), libc6 (>= 2.38), libselinux1 (>= 3.1~)	GPL-3.0-or-later; additional GPL/LGPL/Bison-exception notices	DGX Spark 호스트 Python 3.12·pip 설치 및 전이 의존성 (ARM64)	quarantine-code-round
tzdata	2026c-0ubuntu0.24.04.1	all	https://ports.ubuntu.com/ubuntu-ports/pool/main/t/tzdata/tzdata_2026c-0ubuntu0.24.04.1_all.deb	tzdata_2026c-0ubuntu0.24.04.1_all.deb	279816	ef12c9ef81905b5ac558504b2f8c20da9be5f28861020b3fb5e8b15fb3fae2f6	debconf (>= 0.5) | debconf-2.0		Public-domain (database); ICU (additional files)	DGX Spark 호스트 Python 3.12·pip 설치 및 전이 의존성 (ARM64)	quarantine-code-round
zlib1g	1:1.3.dfsg-3.1ubuntu2.2	arm64	https://ports.ubuntu.com/ubuntu-ports/pool/main/z/zlib/zlib1g_1.3.dfsg-3.1ubuntu2.2_arm64.deb	zlib1g_1%3a1.3.dfsg-3.1ubuntu2.2_arm64.deb	61898	e55ab3b4fb7b6edc4a628e28ec13f8780b08abe427d33ae148f030d8586d0e9a	libc6 (>= 2.17)		Zlib	DGX Spark 호스트 Python 3.12·pip 설치 및 전이 의존성 (ARM64)	quarantine-code-round
